SNP,A1.x,A2.x,freq.x,b.x,se.x,p.x,N.x,A1.y,A2.y,freq.y,b.y,se.y,p.y,N.y,A1,A2,freq,b,se,p,N
rs10274928,A,G,0.477827,0.0108078,0.000997051,2.23100220748196e-27,360393,A,G,0.477826,0.0728958,0.00992327,2.13108121063594e-13,361547,A,G,0.477826,0.0330295,0.00704054,2.72747011057681e-06,361547
rs10245867,G,T,0.670903,-0.00583376,0.00106143,3.88168241387172e-08,360393,G,T,0.670922,-0.0628153,0.0104881,2.36069565127258e-09,361547,G,T,0.670922,-0.0467972,0.00745377,3.69674930587026e-10,361547
rs1109484,C,A,0.369547,0.0060079,0.00103289,6.0063412087198e-09,360393,C,A,0.369517,0.0438376,0.010249,1.95281004334074e-05,361547,C,A,0.369517,0.0339754,0.00727448,3.07857685507924e-06,361547
rs1109483,T,C,0.364551,0.00615107,0.00103506,2.80362549098331e-09,360393,T,C,0.364519,0.0439203,0.0102677,1.95254027129865e-05,361547,T,C,0.364519,0.0341958,0.00728901,2.78323578726947e-06,361547
rs757729,G,C,0.366579,0.00608474,0.00103361,3.93559137385478e-09,360393,G,C,0.366547,0.0449127,0.0102525,1.22481359998359e-05,361547,G,C,0.366547,0.0342501,0.00727941,2.60285514935012e-06,361547
rs11771411,T,C,0.350833,0.00742437,0.0010433,1.10943024160783e-12,360393,T,C,0.350803,0.0533879,0.0103315,2.52720225258884e-07,361547,T,C,0.350803,0.0398339,0.00734019,5.99087143961267e-08,361547
rs11767776,G,T,0.348682,0.00748992,0.00104474,7.54570808545776e-13,360393,G,T,0.348653,0.0522301,0.0103465,4.73707215560786e-07,361547,G,T,0.348653,0.0400554,0.00734949,5.26380751774531e-08,361547
rs10276070,T,C,0.348808,0.00751695,0.00104463,6.21155020832443e-13,360393,T,C,0.348779,0.0522818,0.0103456,4.60542803126127e-07,361547,T,C,0.348779,0.0399007,0.00734883,5.90459344421613e-08,361547
rs881850,C,T,0.366797,0.00610975,0.00103343,3.37784720021631e-09,360393,C,T,0.366761,0.0450427,0.0102506,1.15148954732716e-05,361547,C,T,0.366761,0.0341263,0.00727798,2.81533448483298e-06,361547
rs4722756,A,G,0.347332,0.00757033,0.00104587,4.54359904929341e-13,360393,A,G,0.347301,0.0521622,0.0103567,5.03210853945026e-07,361547,A,G,0.347301,0.0381241,0.00735895,2.29847614111374e-07,361547
rs2391591,G,T,0.362464,0.00632827,0.00103601,1.00690848366023e-09,360393,G,T,0.362428,0.0437442,0.0102753,2.13855291188e-05,361547,G,T,0.362428,0.0331324,0.00729616,5.73020289847236e-06,361547
rs6945413,C,T,0.366735,0.00608508,0.00103342,3.90193472626907e-09,360393,C,T,0.3667,0.0452395,0.0102501,1.05336770676162e-05,361547,C,T,0.3667,0.03405,0.00727795,2.96230655787293e-06,361547
7:28158380_TACAC_T,TACAC,T,0.350592,0.00623338,0.00105203,3.12075733537586e-09,360393,TACAC,T,0.350563,0.0439302,0.0104319,2.63014686636705e-05,361547,TACAC,T,0.350563,0.0306233,0.00740886,3.64569220777626e-05,361547
rs10275989,C,T,0.351091,0.00744727,0.00104313,9.37777913412168e-13,360393,C,T,0.35106,0.0535077,0.0103297,2.36450371121287e-07,361547,C,T,0.35106,0.039705,0.00733892,6.57143172376812e-08,361547
rs6962289,C,A,0.362582,0.00630419,0.00103586,1.15824384231738e-09,360393,C,A,0.362546,0.044162,0.0102734,1.77692869218943e-05,361547,C,A,0.362546,0.0337297,0.00729473,3.86135739139957e-06,361547
rs12531540,C,T,0.504439,0.0107132,0.000996589,5.93335044380003e-27,360393,C,T,0.504425,0.0743359,0.00993378,7.36546211470232e-14,361547,C,T,0.504425,0.0320037,0.00704245,5.50972597691433e-06,361547
rs740123,G,C,0.371162,0.00609634,0.00103145,3.41153632597447e-09,360393,G,C,0.37113,0.0491675,0.0102281,1.60014743613641e-06,361547,G,C,0.37113,0.0344438,0.00726488,2.17901389682095e-06,361547
rs1985152,G,A,0.364833,0.00620255,0.00103492,2.05631668780621e-09,360393,G,A,0.364797,0.0451396,0.0102636,1.13174868877162e-05,361547,G,A,0.364797,0.0330192,0.00728938,6.04198997017116e-06,361547
rs10254284,A,T,0.343287,0.00739343,0.00104989,1.89408733441534e-12,360393,A,T,0.343256,0.0510107,0.0103969,9.82268009101011e-07,361547,A,T,0.343256,0.0401423,0.0073849,5.71386532621492e-08,361547
rs702814,C,T,0.493978,0.0119789,0.000996957,2.94849231389437e-33,360393,C,T,0.493968,0.0857159,0.00992718,6.17447448050683e-18,361547,C,T,0.493968,0.0366719,0.00704362,1.93085650669064e-07,361547
rs849138,G,A,0.492364,0.0118531,0.000996917,1.33844336764991e-32,360393,G,A,0.492358,0.085448,0.00992524,7.71613824479373e-18,361547,G,A,0.492358,0.0371802,0.00704298,1.30289674771706e-07,361547
7:28178625_TG_T,TG,T,0.492964,0.0119244,0.000997184,5.88843655355593e-33,360393,TG,T,0.492957,0.0853001,0.0099281,8.96396185949951e-18,361547,TG,T,0.492957,0.037936,0.00704473,7.26825239385108e-08,361547
rs864745,T,C,0.493858,0.0120304,0.000995814,1.33106725598038e-33,360393,T,C,0.493849,0.0858186,0.00991381,5.09330871057196e-18,361547,T,C,0.493849,0.0352279,0.00703503,5.52789773398682e-07,361547
rs849142,T,C,0.494223,0.0119877,0.000995455,2.12471165400614e-33,360393,T,C,0.494213,0.0862025,0.00991068,3.53834356814722e-18,361547,T,C,0.494213,0.034491,0.00703247,9.38598811604211e-07,361547
rs11455969,A,AT,0.494407,0.0119573,0.000995819,3.24563740620264e-33,360393,A,AT,0.494398,0.0859333,0.00991454,4.62487500822401e-18,361547,A,AT,0.494398,0.0348154,0.00703491,7.47876694753143e-07,361547
rs10622246,A,ATTTT,0.498441,0.0120954,0.00099851,8.96602612564292e-34,360393,A,ATTTT,0.49843,0.0877193,0.00994461,1.18522280719571e-18,361547,A,ATTTT,0.49843,0.034509,0.00705428,1.0000690799387e-06,361547
rs1635852,T,C,0.492641,0.0118501,0.000995276,1.09647819614318e-32,360393,T,C,0.492632,0.0846379,0.00990726,1.3683588330503e-17,361547,T,C,0.492632,0.0327848,0.00703085,3.12320146714921e-06,361547
rs849133,C,T,0.497855,0.0122589,0.0009958,7.93962517269855e-35,360393,C,T,0.49785,0.0880873,0.00991705,6.82810199846871e-19,361547,C,T,0.49785,0.0350606,0.00703555,6.25907275803145e-07,361547
rs860262,C,A,0.498006,0.0122771,0.00099583,6.3591636282441e-35,360393,C,A,0.498,0.0883406,0.00991734,5.44001378246729e-19,361547,C,A,0.498,0.0347431,0.00703582,7.9036918574796e-07,361547
rs849134,A,G,0.496475,0.0122363,0.00099502,9.34329368257317e-35,360393,A,G,0.496468,0.0868897,0.00990812,1.87283708301755e-18,361547,A,G,0.496468,0.0341665,0.00703009,1.17568235439794e-06,361547
rs849135,G,A,0.49852,0.0122123,0.000995576,1.36867394559267e-34,360393,G,A,0.498514,0.0882449,0.0099146,5.79695594653523e-19,361547,G,A,0.498514,0.034461,0.00703426,9.64450627519617e-07,361547
rs1708302,C,T,0.498789,0.0122373,0.000995711,1.02494367564987e-34,360393,C,T,0.498782,0.0881859,0.00991639,6.20154643653786e-19,361547,C,T,0.498782,0.0344858,0.00703532,9.50845597477907e-07,361547
rs1513272,C,T,0.498819,0.0122567,0.000995811,8.17523037943653e-35,360393,C,T,0.498813,0.0881089,0.00991768,6.71892819776304e-19,361547,C,T,0.498813,0.0345678,0.00703607,8.98421217791937e-07,361547
7:28209953_GAT_G,GAT,G,0.456112,0.0118721,0.00100137,2.00539533342982e-32,360393,GAT,G,0.456126,0.0863654,0.00994927,4.40554863506552e-18,361547,GAT,G,0.456126,0.0300424,0.00707045,2.16097628066075e-05,361547
rs849333,A,G,0.341558,0.00658567,0.00105112,3.71877583324935e-10,360393,A,G,0.341523,0.0806106,0.0103595,9.0406571551966e-15,361547,A,G,0.341523,0.0461702,0.0073852,4.35642257608162e-10,361547
7:28220442_GC_G,GC,G,0.510888,0.00491049,0.00107162,4.59906979043078e-06,360393,GC,G,0.510876,0.0599062,0.010673,1.99659509566759e-08,361547,GC,G,0.510876,0.0358269,0.00756831,2.20302791390213e-06,361547
rs849335,T,C,0.340833,0.00679625,0.00104928,9.35190313826658e-11,360393,T,C,0.340795,0.0825398,0.0103384,1.82305596068107e-15,361547,T,C,0.340795,0.0465868,0.00737201,2.82494502092977e-10,361547
rs849336,A,G,0.341043,0.00680485,0.0010496,8.97635458909377e-11,360393,A,G,0.341006,0.0827371,0.0103416,1.5951443869276e-15,361547,A,G,0.341006,0.0459861,0.00737496,4.83281310069531e-10,361547
rs849327,A,G,0.340475,0.00698819,0.00105134,2.99295371033235e-11,360393,A,G,0.340436,0.0824505,0.0103593,2.2233098906514e-15,361547,A,G,0.340436,0.0460116,0.0073871,5.04696159535028e-10,361547
rs11448038,T,TA,0.449759,0.00734251,0.00108575,1.35518941235104e-11,360393,T,TA,0.449721,0.0643327,0.010791,2.6061535499989e-09,361547,T,TA,0.449721,0.036878,0.00765695,1.48094864939758e-06,361547
rs498475,G,A,0.36605,0.00588385,0.001038,1.44098679161973e-08,360393,G,A,0.366004,0.0722011,0.0102597,2.26464430759306e-12,361547,G,A,0.366004,0.0429401,0.00730065,4.26697403364113e-09,361547
